{
  "map": {
    "center":[
      139.69167,
      35.68944
    ],
    "zoom": 14,
    "bearing": 0,
    "pitch": 0
  }
}